sale_id,sale_datetime,total_amount,payment_method
1,2026-09-30 19:18:01,369.72,UPI
2,2026-09-30 16:10:01,787.3,Cash
3,2026-09-30 15:12:01,62.39,UPI
4,2026-09-30 17:39:01,957.91,Cash
5,2026-09-30 12:24:01,449.06,Card
6,2026-09-30 19:31:01,279.52,UPI
7,2026-09-30 13:07:01,141.69,Card
8,2026-09-30 10:37:01,189.24,UPI
9,2026-09-30 17:57:01,874.72,UPI
10,2026-09-30 18:41:01,1386.88,UPI
11,2026-09-30 19:45:01,149.73,Card
12,2026-09-30 12:39:01,849.77,Card
13,2026-09-30 11:58:01,181.27,UPI
14,2026-10-01 14:06:01,912.82,UPI
15,2026-10-01 18:02:01,670.73,UPI
16,2026-10-01 19:40:01,500.05,UPI
17,2026-10-01 14:59:01,1353.89,UPI
18,2026-10-01 12:59:01,25.89,UPI
19,2026-10-01 13:12:01,146.95,Card
20,2026-10-01 10:30:01,253.04,UPI
21,2026-10-01 13:18:01,630.54,Card
22,2026-10-01 10:28:01,354.26,Cash
23,2026-10-01 14:22:01,185.14,Cash
24,2026-10-01 19:30:01,1330.0,UPI
25,2026-10-01 19:23:01,323.0,Cash
26,2026-10-01 16:32:01,362.46,UPI
27,2026-10-01 17:31:01,1030.96,Cash
28,2026-10-02 10:15:01,184.12,Card
29,2026-10-02 18:01:01,151.34,UPI
30,2026-10-02 15:51:01,481.0,UPI
31,2026-10-02 18:33:01,89.33,Card
32,2026-10-02 18:07:01,749.68,Card
33,2026-10-02 19:13:01,65.54,Cash
34,2026-10-02 14:41:01,196.54,Card
35,2026-10-02 12:04:01,180.95,UPI
36,2026-10-02 10:05:01,995.56,Card
37,2026-10-02 18:27:01,120.57,UPI
38,2026-10-03 12:44:01,634.24,Card
39,2026-10-03 12:17:01,1282.01,UPI
40,2026-10-03 18:13:01,210.15,Cash
41,2026-10-03 12:36:01,420.36,UPI
42,2026-10-03 15:06:01,42.76,Card
43,2026-10-03 15:27:01,709.18,Cash
44,2026-10-03 17:38:01,608.04,UPI
45,2026-10-03 12:49:01,325.4,Card
46,2026-10-03 19:29:01,1003.57,Card
47,2026-10-03 16:10:01,842.16,Cash
48,2026-10-03 11:44:01,1255.67,UPI
49,2026-10-03 15:55:01,770.27,UPI
50,2026-10-03 15:34:01,390.29,Cash
51,2026-10-03 14:19:01,729.05,UPI
52,2026-10-04 12:34:01,296.34,UPI
53,2026-10-04 11:42:01,304.26,UPI
54,2026-10-04 14:37:01,62.82,Card
55,2026-10-04 19:26:01,1702.44,UPI
56,2026-10-04 20:06:01,508.83,Cash
57,2026-10-04 20:26:01,222.87,UPI
58,2026-10-04 18:35:01,962.09,Cash
59,2026-10-04 17:34:01,445.74,UPI
60,2026-10-04 18:10:01,1275.8,Card
61,2026-10-04 15:10:01,162.84,Card
62,2026-10-04 10:03:01,1226.21,Cash
63,2026-10-04 13:18:01,574.14,Cash
64,2026-10-04 13:58:01,1869.85,Card
65,2026-10-05 13:51:01,323.98,Cash
66,2026-10-05 12:12:01,1217.87,UPI
67,2026-10-05 16:59:01,488.08,UPI
68,2026-10-05 14:49:01,621.76,Card
69,2026-10-05 17:41:01,542.44,UPI
70,2026-10-05 19:09:01,184.33,UPI
71,2026-10-05 13:13:01,621.89,Cash
72,2026-10-05 18:22:01,73.92,UPI
73,2026-10-05 14:26:01,1043.06,Cash
74,2026-10-05 12:02:01,957.77,Cash
75,2026-10-05 19:02:01,204.58,Card
76,2026-10-05 11:27:01,302.62,Cash
77,2026-10-05 18:35:01,85.28,Cash
78,2026-10-05 12:10:01,789.85,UPI
79,2026-10-06 15:06:01,646.85,Cash
80,2026-10-06 12:54:01,741.98,UPI
81,2026-10-06 13:49:01,376.18,Card
82,2026-10-06 10:17:01,1038.45,Cash
83,2026-10-06 10:09:01,402.1,UPI
84,2026-10-06 20:05:01,269.74,Cash
85,2026-10-06 20:18:01,663.84,UPI
86,2026-10-06 13:46:01,961.65,Card
87,2026-10-06 18:03:01,1274.58,Card
88,2026-10-06 17:15:01,2747.27,Card
89,2026-10-06 12:53:01,846.43,Cash
90,2026-10-06 16:09:01,124.78,Cash
91,2026-10-06 15:21:01,160.48,Card
92,2026-10-06 11:11:01,719.51,UPI
93,2026-10-06 15:55:01,564.79,UPI
94,2026-10-06 13:32:01,120.72,Cash
95,2026-10-06 11:58:01,260.94,Cash
96,2026-10-06 20:21:01,655.92,Cash
97,2026-10-06 14:47:54,1771.0,UPI
