item_id,name,category,price,stock_quantity,recommended_reorder_units
20,Crocin Paracetamol 650mg 10 Tabs,All Medicines & First Aid,22.98,11,39
43,Dettol Hand Sanitizer 500ml,All Medicines & First Aid,300.34,14,36
58,Dr. Reddy's Electrolyte Powder ORS Pack of 5,All Medicines & First Aid,181.27,13,37
69,Eno Antacid Liquid 100ml,All Medicines & First Aid,71.0,19,31
75,Hansaplast Antiseptic Liquid 100ml,All Medicines & First Aid,49.19,18,32
86,Hansaplast Waterproof Bandages Pack of 5,All Medicines & First Aid,233.32,13,37
100,Himalaya Herbal Cough Syrup 100ml,All Medicines & First Aid,58.1,11,39
101,Himalaya Herbal Cough Syrup 200ml,All Medicines & First Aid,127.79,10,40
125,Savlon Face Mask Pack of 1,All Medicines & First Aid,35.68,12,38
141,Vicks Pain Relief Balm 500g,All Medicines & First Aid,207.76,13,37
148,Zandu Herbal Cough Syrup 100ml,All Medicines & First Aid,51.95,17,33
169,Aquafina Packaged Drinking Water 2L,"Beverages, Snacks & Confectionery",54.99,14,36
176,Balaji Namkeen Mixture 100g,"Beverages, Snacks & Confectionery",85.64,15,35
194,Bingo Classic Salted Chips 40g,"Beverages, Snacks & Confectionery",15.36,19,31
202,Bisleri Packaged Drinking Water 2L,"Beverages, Snacks & Confectionery",56.9,19,31
209,Britannia Cookies Butter 500g,"Beverages, Snacks & Confectionery",186.63,18,32
212,Britannia Cream Biscuits 500g,"Beverages, Snacks & Confectionery",67.53,16,34
259,Haldiram Namkeen Mixture 100g,"Beverages, Snacks & Confectionery",60.11,17,33
260,Haldiram Namkeen Mixture 200g,"Beverages, Snacks & Confectionery",122.28,19,31
265,Haldiram Roasted Peanuts 200g,"Beverages, Snacks & Confectionery",123.63,17,33
272,Hershey's Dark Chocolate Bar Value Pack,"Beverages, Snacks & Confectionery",330.76,15,35
280,Lays Classic Salted Chips 200g,"Beverages, Snacks & Confectionery",41.21,12,38
281,Lays Classic Salted Chips 40g,"Beverages, Snacks & Confectionery",20.9,19,31
345,Rasna Mouth Freshener Pack of 1,"Beverages, Snacks & Confectionery",25.09,17,33
354,Sunfeast Cookies Butter 100g,"Beverages, Snacks & Confectionery",36.45,15,35
356,Sunfeast Cookies Butter 500g,"Beverages, Snacks & Confectionery",90.74,12,38
379,Thums Up Cola Drink 750ml,"Beverages, Snacks & Confectionery",44.06,18,32
413,Biba Cotton Dupatta Black,Clothing & Fashion,318.23,16,34
416,Biba Cotton Kurta L,Clothing & Fashion,1023.77,11,39
439,Go Colors Leggings Cotton XL,Clothing & Fashion,605.07,18,32
467,Levi's Round Neck T-Shirt L,Clothing & Fashion,551.26,16,34
477,Libas Cotton Kurta S,Clothing & Fashion,670.29,11,39
480,Lux Cozi Cotton Boxers M,Clothing & Fashion,439.91,12,38
481,Lux Cozi Cotton Boxers S,Clothing & Fashion,154.82,16,34
490,Max Cotton Dupatta Blue,Clothing & Fashion,204.36,15,35
494,Max Cotton Handkerchief Set Pack of 5,Clothing & Fashion,1008.12,17,33
502,Max Cotton Track Pants M,Clothing & Fashion,844.27,17,33
531,Puma Cotton Socks 3 Pairs Value Pack,Clothing & Fashion,425.22,13,37
534,Puma Hoodie Sweatshirt M,Clothing & Fashion,1095.59,14,36
557,U.S. Polo Polo T-Shirt L,Clothing & Fashion,997.3,11,39
561,U.S. Polo Round Neck T-Shirt M,Clothing & Fashion,521.94,10,40
600,Britannia Eggless Cake Slice Pack of 5,"Dairy, Bakery, Fruits & Vegetables",198.59,19,31
625,English Oven Pav Buns Pack of 3,"Dairy, Bakery, Fruits & Vegetables",85.51,18,32
666,Farm Fresh Tomato 5kg,"Dairy, Bakery, Fruits & Vegetables",153.68,18,32
680,Fresho Carrot 5kg,"Dairy, Bakery, Fruits & Vegetables",229.57,16,34
698,Fresho Pomegranate 500g,"Dairy, Bakery, Fruits & Vegetables",72.15,14,36
699,Fresho Potato 1kg,"Dairy, Bakery, Fruits & Vegetables",37.87,13,37
709,Go Cheese Slices 100g,"Dairy, Bakery, Fruits & Vegetables",55.74,12,38
723,Gowardhan Lassi 200ml,"Dairy, Bakery, Fruits & Vegetables",26.63,16,34
729,Gowardhan Toned Milk 5L,"Dairy, Bakery, Fruits & Vegetables",131.13,15,35
738,Harvest Gold Pav Buns Pack of 5,"Dairy, Bakery, Fruits & Vegetables",155.21,13,37
740,Kraft Cheese Spread 100g,"Dairy, Bakery, Fruits & Vegetables",50.73,14,36
758,Local Mandi Grapes 5kg,"Dairy, Bakery, Fruits & Vegetables",383.1,18,32
773,Local Mandi Spinach Palak 5kg,"Dairy, Bakery, Fruits & Vegetables",164.81,13,37
786,Modern Multigrain Bread 250g,"Dairy, Bakery, Fruits & Vegetables",69.4,19,31
793,Modern Rusk Toast 500g,"Dairy, Bakery, Fruits & Vegetables",90.55,11,39
810,Mother Dairy Full Cream Milk 500ml,"Dairy, Bakery, Fruits & Vegetables",19.5,11,39
816,Mother Dairy Salted Butter 250g,"Dairy, Bakery, Fruits & Vegetables",54.56,17,33
842,Nature Basket Orange 1kg,"Dairy, Bakery, Fruits & Vegetables",91.63,11,39
845,Nature Basket Papaya 1kg,"Dairy, Bakery, Fruits & Vegetables",44.93,12,38
868,Nestle Lassi 500ml,"Dairy, Bakery, Fruits & Vegetables",60.0,13,37
869,Parag Full Cream Milk 500ml,"Dairy, Bakery, Fruits & Vegetables",18.66,16,34
879,Ambrane Car Phone Holder Blue,Electronics & Accessories,527.43,19,31
883,Ambrane Phone Back Cover Black,Electronics & Accessories,185.02,14,36
891,Ambrane Tempered Glass Pack of 1,Electronics & Accessories,184.8,14,36
899,Boult Headphones Over Ear Blue,Electronics & Accessories,1173.4,18,32
915,Lenovo Laptop Sleeve 15.6 inch Black,Electronics & Accessories,453.12,10,40
929,Noise Bluetooth Neckband Black,Electronics & Accessories,1404.24,15,35
941,Portronics Laptop Stand Black,Electronics & Accessories,501.84,10,40
944,Portronics Power Bank 10000mAh Blue,Electronics & Accessories,978.33,12,38
958,Realme Power Bank 10000mAh Red,Electronics & Accessories,1256.92,18,32
965,Ringke Phone Back Cover Blue,Electronics & Accessories,344.92,18,32
967,Spigen Phone Back Cover Blue,Electronics & Accessories,583.06,10,40
969,Spigen Tempered Glass Pack of 1,Electronics & Accessories,247.31,11,39
978,Zebronics Bluetooth Speaker Red,Electronics & Accessories,1284.36,10,40
979,Zebronics Car Phone Holder Black,Electronics & Accessories,405.6,11,39
1009,boAt Fitness Band Black,Electronics & Accessories,1325.94,15,35
1017,boAt True Wireless Earbuds Red,Electronics & Accessories,2352.32,10,40
1023,Ayesha Bindi Pack Pack of 3,Girls Accessories & Makeup,50.77,19,31
1029,Ayesha Hair Band Blue,Girls Accessories & Makeup,61.92,17,33
1034,Ayesha Hair Scrunchies Set Pack of 1,Girls Accessories & Makeup,88.16,14,36
1038,Colorbar Foundation Premium,Girls Accessories & Makeup,874.0,17,33
1041,Colorbar Liquid Eye Liner Black,Girls Accessories & Makeup,299.56,16,34
1042,Colorbar Liquid Eye Liner Blue,Girls Accessories & Makeup,221.6,15,35
1044,Colorbar Matte Lipstick Black,Girls Accessories & Makeup,421.74,17,33
1059,Faces Canada Liquid Eye Liner Black,Girls Accessories & Makeup,220.91,18,32
1060,Faces Canada Liquid Eye Liner Blue,Girls Accessories & Makeup,197.15,14,36
1067,Garnier Makeup Remover 500ml,Girls Accessories & Makeup,571.2,11,39
1074,Gitti Earrings Pair Blue,Girls Accessories & Makeup,293.45,17,33
1087,Kaneesh Bangles Set Black,Girls Accessories & Makeup,170.49,12,38
1091,Kaneesh Bindi Pack Pack of 3,Girls Accessories & Makeup,103.16,15,35
1097,Kaneesh Hair Band Blue,Girls Accessories & Makeup,76.15,12,38
1109,Lakme Kajal Black,Girls Accessories & Makeup,149.89,10,40
1112,Lakme Liquid Eye Liner Black,Girls Accessories & Makeup,310.13,14,36
1114,Lakme Liquid Eye Liner Red,Girls Accessories & Makeup,284.54,12,38
1135,Maybelline Kajal Black,Girls Accessories & Makeup,167.91,18,32
1136,Maybelline Kajal Blue,Girls Accessories & Makeup,207.23,17,33
1137,Maybelline Kajal Red,Girls Accessories & Makeup,285.92,18,32
1166,Nykaa Nail Enamel Black,Girls Accessories & Makeup,171.95,19,31
1170,Nykaa Waterproof Mascara Red,Girls Accessories & Makeup,250.86,12,38
1196,24 Mantra Urad Dal 500g,Grocery & Staples,91.55,19,31
1201,Aashirvaad Multigrain Atta 1kg,Grocery & Staples,79.21,17,33
1203,Aashirvaad Multigrain Atta 5kg,Grocery & Staples,302.34,14,36
1216,Annapurna Iodized Salt 500g,Grocery & Staples,12.53,18,32
1220,Annapurna Maida 5kg,Grocery & Staples,242.11,11,39
1235,Catch Iodized Salt 1kg,Grocery & Staples,25.36,13,37
1239,Catch Jeera Whole 250g,Grocery & Staples,94.91,12,38
1240,Catch Jeera Whole 500g,Grocery & Staples,256.39,16,34
1250,Daawat Basmati Rice 5kg,Grocery & Staples,667.88,14,36
1253,Dhampur Jaggery Powder 5kg,Grocery & Staples,341.89,14,36
1260,Dhara Mustard Oil 500ml,Grocery & Staples,82.75,15,35
1265,Everest Black Pepper 100g,Grocery & Staples,44.97,13,37
1279,Everest Turmeric Powder 500g,Grocery & Staples,148.44,16,34
1293,Fortune Chana Dal 500g,Grocery & Staples,59.9,17,33
1294,Fortune Chana Dal 5kg,Grocery & Staples,567.23,18,32
1306,Fortune Moong Dal 5kg,Grocery & Staples,707.13,19,31
1313,Fortune Rajma 1kg,Grocery & Staples,155.97,11,39
1338,Gowardhan Desi Ghee 500ml,Grocery & Staples,343.73,10,40
1355,MDH Coriander Powder 500g,Grocery & Staples,157.91,12,38
1356,MDH Garam Masala 100g,Grocery & Staples,40.72,13,37
1365,Madhur Refined Sugar 1kg,Grocery & Staples,44.12,19,31
1370,Nutraj Almonds 100g,Grocery & Staples,111.08,11,39
1380,Organic Tattva Black Pepper 500g,Grocery & Staples,221.32,13,37
1386,Patanjali Desi Ghee 1L,Grocery & Staples,655.96,19,31
1391,Patanjali Maida 1kg,Grocery & Staples,45.18,18,32
1414,Rajdhani Besan 5kg,Grocery & Staples,583.73,10,40
1424,Rajdhani Masoor Dal 1kg,Grocery & Staples,115.26,17,33
1425,Rajdhani Masoor Dal 5kg,Grocery & Staples,417.51,10,40
1439,Rajdhani Toor Dal 1kg,Grocery & Staples,181.58,19,31
1440,Rajdhani Toor Dal 500g,Grocery & Staples,73.72,14,36
1446,Red Label Tea Leaves CTC 5kg,Grocery & Staples,840.62,12,38
1469,Tata Sampann Basmati Rice 500g,Grocery & Staples,90.09,10,40
1478,Tata Sampann Chana Dal 1kg,Grocery & Staples,94.8,17,33
1484,Tata Sampann Jeera Whole 250g,Grocery & Staples,103.45,18,32
1501,Tata Sampann Rajma 5kg,Grocery & Staples,788.11,18,32
1517,Trust Refined Sugar 500g,Grocery & Staples,27.04,15,35
1518,Trust Refined Sugar 5kg,Grocery & Staples,256.07,15,35
1533,Baidyanath Triphala Powder 100g,Health & Wellness,65.97,18,32
1557,Dabur Giloy Juice 1L,Health & Wellness,253.54,13,37
1567,Fit Bar Protein Bar Pack of 3,Health & Wellness,227.53,15,35
1568,Fit Bar Protein Bar Pack of 5,Health & Wellness,523.47,18,32
1579,Himalaya Ashwagandha Tablets 60 Tabs,Health & Wellness,527.67,17,33
1616,Limcee Vitamin C Effervescent 10 Tabs,Health & Wellness,155.05,16,34
1619,Max Protein Protein Bar Pack of 1,Health & Wellness,61.7,19,31
1621,Max Protein Protein Bar Pack of 5,Health & Wellness,360.73,16,34
1623,MuscleBlaze Whey Protein Vegetarian Regular,Health & Wellness,2252.76,17,33
1625,OZiva Plant Protein Powder Regular,Health & Wellness,1860.02,10,40
1629,Patanjali Aloe Vera Juice 1L,Health & Wellness,199.21,19,31
1630,Patanjali Aloe Vera Juice 500ml,Health & Wellness,133.83,10,40
1637,Patanjali Chyawanprash 250g,Health & Wellness,462.47,14,36
1661,Tata Sampann Oats 250g,Health & Wellness,117.2,18,32
1686,Borosil Insulated Water Bottle 250ml,Home & Kitchen,234.5,18,32
1689,Borosil Steel Tiffin Box Value Pack,Home & Kitchen,1343.06,12,38
1690,Butterfly Pressure Cooker Premium,Home & Kitchen,2031.7,10,40
1710,Cello Plastic Storage Containers Pack of 5,Home & Kitchen,1756.12,15,35
1717,Cello Steel Knife Set Premium,Home & Kitchen,327.37,16,34
1725,Havells Electric Kettle Value Pack,Home & Kitchen,2265.42,10,40
1728,Hawkins Non-Stick Frying Pan Value Pack,Home & Kitchen,1483.73,11,39
1733,Larah Dinner Plate Set Pack of 5,Home & Kitchen,6588.78,16,34
1736,Milton Glass Bowl Microwave Safe Premium,Home & Kitchen,494.14,14,36
1771,Pigeon Electric Kettle Regular,Home & Kitchen,962.71,16,34
1788,Pigeon Silicone Spatula Set Regular,Home & Kitchen,207.29,18,32
1792,Pigeon Steel Knife Set Value Pack,Home & Kitchen,638.83,19,31
1799,Prestige Gas Lighter,Home & Kitchen,208.72,15,35
1833,Air Wick Room Freshener 200ml,Household Essentials,95.13,18,32
1853,Colin Floor Cleaner 500ml,Household Essentials,86.44,11,39
1862,Colin Toilet Cleaner 200ml,Household Essentials,106.12,14,36
1901,Good Knight Mosquito Refill Pack of 5,Household Essentials,533.39,18,32
1910,Hit Mosquito Refill Pack of 1,Household Essentials,76.82,16,34
1926,Lizol Toilet Cleaner 100ml,Household Essentials,53.01,16,34
1927,Lizol Toilet Cleaner 500ml,Household Essentials,246.43,12,38
1928,Mangal Matchbox Pack of 1,Household Essentials,9.12,16,34
1948,Paseo Tissue Paper Pack of 5,Household Essentials,304.24,17,33
1951,Pril Dishwash Bar Pack of 1,Household Essentials,15.78,15,35
1955,Pril Dishwash Gel 200ml,Household Essentials,77.75,17,33
1973,Selpak Kitchen Towel Pack of 5,Household Essentials,511.49,14,36
2000,Wheel Detergent Powder 500g,Household Essentials,101.3,16,34
2023,Colgate Toothbrush Pack of 3,Personal Care,97.53,14,36
2026,Colgate Toothpaste 500g,Personal Care,204.36,19,31
2028,Dabur Amla Hair Oil 200ml,Personal Care,114.29,11,39
2042,Dove Body Wash 200ml,Personal Care,195.98,12,38
2046,Dove Hair Conditioner 500ml,Personal Care,313.59,16,34
2076,Indulekha Hair Oil 500ml,Personal Care,300.56,15,35
2093,Nivea Deodorant Spray 500ml,Personal Care,364.96,16,34
2125,Park Avenue Shaving Foam 500ml,Personal Care,288.41,14,36
2165,Super-Max Razor Blades Pack of 1,Personal Care,354.39,11,39
2209,Gits Idli Dosa Batter 100g,Ready to Eat,28.75,11,39
2221,Haldiram Palak Paneer Ready Value Pack,Ready to Eat,254.43,15,35
2241,Kissan Tomato Ketchup 100g,Ready to Eat,44.81,15,35
2246,Kitchens of India Palak Paneer Ready Value Pack,Ready to Eat,268.54,15,35
2258,Knorr Soup Instant Mix Pack of 5,Ready to Eat,211.32,13,37
2261,Knorr Veg Pasta Instant Pack of 5,Ready to Eat,189.25,10,40
2297,MTR Rajma Masala Ready Premium,Ready to Eat,132.31,16,34
2314,Maggi Tomato Ketchup 100g,Ready to Eat,28.15,15,35
2320,Mapro Mixed Fruit Jam 250g,Ready to Eat,96.93,19,31
2325,McCain Frozen Veg Paratha Pack of 5,Ready to Eat,460.97,13,37
2343,Tasty Bite Palak Paneer Ready Regular,Ready to Eat,138.26,16,34
2352,Tasty Bite Ready Dal Makhani Value Pack,Ready to Eat,191.42,11,39
2357,Tata Sampann Mixed Fruit Jam 500g,Ready to Eat,321.79,16,34
2373,Archies Gift Wrapping Paper Pack of 1,Seasonal & Festival Items,85.48,11,39
2376,Cello Pooja Thali Set Premium,Seasonal & Festival Items,558.12,17,33
2382,Cycle Agarbatti Incense Sticks Pack of 5,Seasonal & Festival Items,207.35,14,36
2384,Cycle Incense Dhoop Cones Pack of 3,Seasonal & Festival Items,174.34,12,38
2394,FestiveGlow Flower Garland Artificial Pack of 5,Seasonal & Festival Items,1171.93,11,39
2409,FestiveGlow Woolen Beanie Cap Black,Seasonal & Festival Items,264.32,11,39
2416,Gala Brass Diya Set Pack of 3,Seasonal & Festival Items,523.35,19,31
2417,Gala Brass Diya Set Pack of 5,Seasonal & Festival Items,1448.36,19,31
2441,Gala Sweet Box Air Tight Regular,Seasonal & Festival Items,270.78,16,34
2455,John's Windproof Umbrella Blue,Seasonal & Festival Items,397.72,14,36
2461,LocalCraft Flower Garland Artificial Pack of 5,Seasonal & Festival Items,471.25,16,34
2463,LocalCraft Gift Wrapping Paper Pack of 3,Seasonal & Festival Items,298.0,12,38
2471,LocalCraft Rangoli Colours Pack of 5,Seasonal & Festival Items,301.89,19,31
2482,Patanjali Agarbatti Incense Sticks Pack of 5,Seasonal & Festival Items,374.07,16,34
2520,Wipro LED String Lights Premium,Seasonal & Festival Items,156.03,14,36
2524,Zed Black Agarbatti Incense Sticks Pack of 3,Seasonal & Festival Items,132.29,14,36
2527,Zed Black Incense Dhoop Cones Pack of 3,Seasonal & Festival Items,219.75,18,32
2533,Boldfit Gym Shaker Bottle Blue,Sports & Fitness,224.11,11,39
2534,Boldfit Gym Shaker Bottle Red,Sports & Fitness,213.35,12,38
2555,Cosco Cricket Bat Kashmir Willow Regular,Sports & Fitness,1297.24,14,36
2583,Cosco Tennis Ball Cricket Pack of 5,Sports & Fitness,871.5,19,31
2584,Cosco Volleyball Premium,Sports & Fitness,1085.68,11,39
2596,Decathlon Rubber Football Value Pack,Sports & Fitness,1044.56,13,37
2599,Decathlon Tennis Ball Cricket Pack of 1,Sports & Fitness,125.61,11,39
2602,Decathlon Volleyball Regular,Sports & Fitness,741.44,15,35
2605,Decathlon Yoga Mat Red,Sports & Fitness,785.9,10,40
2608,Funskool Chess Board Set Value Pack,Sports & Fitness,519.38,14,36
2629,Nivia Skipping Rope Black,Sports & Fitness,296.4,17,33
2631,Nivia Skipping Rope Red,Sports & Fitness,314.86,10,40
2651,Strauss Carrom Board Coins Value Pack,Sports & Fitness,467.36,11,39
2654,Strauss Dumbbell Pair PVC Regular,Sports & Fitness,1601.0,11,39
2692,Apsara Sharpener Pack of 3,Stationery & Office Supplies,88.81,13,37
2694,Camlin A4 Paper Ream Premium,Stationery & Office Supplies,362.84,15,35
2700,Camlin Correction Tape Pack of 5,Stationery & Office Supplies,273.07,18,32
2710,Camlin Pencil HB Pack of 3,Stationery & Office Supplies,241.5,15,35
2717,Camlin Ruled Notebook Pack of 1,Stationery & Office Supplies,52.85,16,34
2726,Camlin Stapler Black,Stationery & Office Supplies,134.18,11,39
2728,Camlin Stapler Red,Stationery & Office Supplies,109.84,15,35
2737,Classmate Ruled Notebook Pack of 3,Stationery & Office Supplies,154.96,11,39
2738,Classmate Ruled Notebook Pack of 5,Stationery & Office Supplies,276.14,13,37
2753,Faber-Castell Pencil HB Pack of 3,Stationery & Office Supplies,176.43,19,31
2776,Kangaro Plastic File Folder Pack of 5,Stationery & Office Supplies,302.41,14,36
2792,Montex Gel Pen Blue Pack of 3,Stationery & Office Supplies,410.43,16,34
2795,Natraj Colour Pencil Set Regular,Stationery & Office Supplies,228.4,19,31
2812,Oddy A4 Paper Ream Premium,Stationery & Office Supplies,481.35,15,35
2829,Oddy Sticky Notes Pack of 1,Stationery & Office Supplies,99.06,19,31
2831,Pilot Gel Pen Blue Pack of 1,Stationery & Office Supplies,119.29,16,34
2835,Post-it Sticky Notes Pack of 5,Stationery & Office Supplies,459.97,15,35
2913,Mi USB-C Cable 1.5m Blue,Tech Based Items,245.43,19,31
2928,Portronics OTG Adapter Black,Tech Based Items,115.53,13,37
2943,Realme Wall Charger 20W Black,Tech Based Items,837.81,11,39
2948,Samsung MicroSD Card 64GB,Tech Based Items,546.85,19,31
2960,TP-Link Wifi Router Value Pack,Tech Based Items,3771.16,12,38
2975,Zebronics Phone Stand Red,Tech Based Items,257.71,11,39
2976,Zebronics Power Strip Surge Protector Premium,Tech Based Items,942.79,18,32
2984,Zebronics Wired Keyboard Black,Tech Based Items,659.15,14,36
2997,boAt USB-C Cable 1.5m Black,Tech Based Items,278.66,19,31
